{
    "accuracy": 0.9922592592592593,
    "precision": 0.9922634287859473,
    "recall": 0.9922592592592593,
    "f1_score": 0.9922592737532633,
    "confusion_matrix": [
        [
            13378,
            85
        ],
        [
            124,
            13413
        ]
    ]
}