{
    "accuracy": 0.993037037037037,
    "precision": 0.9930374761337725,
    "recall": 0.993037037037037,
    "f1_score": 0.9930370604201736,
    "confusion_matrix": [
        [
            13304,
            88
        ],
        [
            100,
            13508
        ]
    ]
}